{"cameraMode":{"drawMode":0,"name":"Shaded","section":"Shading Mode"},"sceneLighting":true,"audioPlay":false,"sceneViewState":{"m_AlwaysRefresh":false,"showFog":true,"showSkybox":true,"showFlares":true,"showImageEffects":true,"showParticleSystems":true,"showVisualEffectGraphs":true,"m_FxEnabled":true},"in2DMode":false,"pivot":{"x":0.518056333065033,"y":1.3511441946029664,"z":0.4730933904647827},"rotation":{"x":-0.05922272056341171,"y":-0.015707969665527345,"z":-0.03106490708887577,"w":-0.9976341128349304},"size":1.4842970371246338,"orthographic":false}