{"cameraMode":{"drawMode":0,"name":"Shaded","section":"Shading Mode"},"sceneLighting":false,"audioPlay":false,"sceneViewState":{"m_AlwaysRefresh":false,"showFog":true,"showSkybox":false,"showFlares":true,"showImageEffects":true,"showParticleSystems":true,"showVisualEffectGraphs":true,"m_FxEnabled":true},"in2DMode":false,"pivot":{"x":0.030422169715166093,"y":-0.026310786604881288,"z":-0.036780551075935367},"rotation":{"x":-0.18399135768413545,"y":-0.01506687980145216,"z":-0.02967279776930809,"w":-0.9823611974716187},"size":0.2442360669374466,"orthographic":false}